Submitter,Submitter Email,Submission Date,Pre-workshop survey: What is the operating system that you will use during the course (on your laptop)?,"Pre-workshop survey: Which version of operating system are you using? If your operating system is Linux, which distribution are you using? This will help us to create more targeted installation instructions.","Pre-workshop survey: Are you using version control? If yes, which?",Pre-workshop survey: Which programming languages are you using or will you use in your projects?,Pre-workshop survey: Are you using automated testing in your programming project(s)?,"Pre-workshop survey: Are you using code coverage analysis in your programming project(s)? These are tools and services like Gcov, Cobertura, Codecov, Coveralls, Code Climate, etc.",Pre-workshop survey: Are you employing code review in your programming project(s)?,Pre-workshop survey: Are you using the Travis or Jenkins or GitLab CI continuous integration service in your programming project(s)?,Pre-workshop survey: How do you document your code?,Pre-workshop survey: Are you using a web-based repository for your code(s)? Which ones?,Pre-workshop survey: How would you describe your programming experience?,Pre-workshop survey: How comfortable are you with the Unix/Linux command line working in a terminal window?,Pre-workshop survey: Are you using an integrated development environment (IDE) for your programming project(s)?,Pre-workshop survey: Please specify your main academic discipline. Please take the entry which is closest to your main field of study/work.,Pre-workshop survey: Please select the sessions that you are most interested in.,Pre-workshop survey: What do you expect to get from this course?
,,2019-12-06 16:57:45.650413+00:00,Linux,ubuntu 16.04 lts,I don't use version control and I don't know what it is,Matlab; Python,No and I don't know what it is,No and I don't know what it is,No and I don't know what it is,No and I don't know what it is,Comments in the source code,GitHub,"Basic understanding and experience, I have looked through code and made minor adjustments","I know what most of the following commands do: cd, ls, cat, mv, rm, chmod, man, mkdir, cp, ssh",I know what IDEs are but have not tried any,Physical Sciences,Introduction to version control; Documentation; Jupyter notebooks; Collaborative distributed version control; Managing complexity and modular code development; Automated testing; Building portable code with CMake; Integrated development environments,"python programming, git, version control"
,,2019-12-04 12:03:20.355658+00:00,Windows,Windows 10 1903,I don't use version control but I know what it is,Matlab; R; Python,No and I don't know what it is,No and I don't know what it is,No and I don't know what it is,No and I don't know what it is,Other,I'm not using a web-based repository,"Basic understanding and experience, I have looked through code and made minor adjustments","I know what most of the following commands do: cd, ls, cat, mv, rm, chmod, man, mkdir, cp, ssh",No and I don't know what it is,Psychology,Introduction to version control; Documentation; Jupyter notebooks; Reproducible research,
,,2019-12-02 16:51:16.451493+00:00,Linux,Ubuntu 16.04,Git,R; Python,No and I don't know what it is,No and I don't know what it is,No but I know what it is,No and I don't know what it is,Comments in the source code,GitHub; GitLab,I have written many small codes and/or contributed to large complex software,"I know what most of the following commands do: cd, ls, cat, mv, rm, chmod, man, mkdir, cp, ssh","Yes, I am using an IDE (such as Pyzo, NinjaIDE, PyCharm, Spyder, VisualStudio, CLion, Multi, RStudio, Eclipse, or other)",Earth and Related Environmental Sciences,Documentation; Managing complexity and modular code development; Automated testing; Integrated development environments; Git branch design; Reproducible research,
,,2019-11-05 07:20:03.621460+00:00,Linux,"Linux, Ubuntu",Git,R; Python,No and I don't know what it is,No and I don't know what it is,No and I don't know what it is,No and I don't know what it is,Comments in the source code; README files,GitHub,I have written many small codes and/or contributed to large complex software,"I know what most of the following commands do: cd, ls, cat, mv, rm, chmod, man, mkdir, cp, ssh",I have tried an IDE but prefer text editors for my development,Computer and Information Sciences,Managing complexity and modular code development; Automated testing; Building portable code with CMake; Archaeology with Git; Git branch design; Reproducible research,
,,2019-10-28 10:46:47.208091+00:00,macOS,Version 10.14.6,I don't use version control but I know what it is; Git,Matlab; Python,No and I don't know what it is,No and I don't know what it is,No and I don't know what it is,No but I know what it is,Comments in the source code,I'm not using a web-based repository,I have written many small codes and/or contributed to large complex software,"I know what most of the following commands do: cd, ls, cat, mv, rm, chmod, man, mkdir, cp, ssh",I know what IDEs are but have not tried any,"Electrical Engineering, Electronic Engineering, Information Engineering",Introduction to version control; Documentation; Collaborative distributed version control; Managing complexity and modular code development; Automated testing; Building portable code with CMake; Integrated development environments; Reproducible research,"To write professional codes, to get more knowledge about code version control as I write lots of code documents"
,,2019-10-28 10:27:17.132168+00:00,Windows,,Git,R; Python,No and I don't know what it is,No and I don't know what it is,No and I don't know what it is,No and I don't know what it is,Comments in the source code; Markdown,GitHub,I have written many small codes and/or contributed to large complex software,"I know what most of the following commands do: cd, ls, cat, mv, rm, chmod, man, mkdir, cp, ssh","Yes, I am using an IDE (such as Pyzo, NinjaIDE, PyCharm, Spyder, VisualStudio, CLion, Multi, RStudio, Eclipse, or other)",Computer and Information Sciences,Introduction to version control; Documentation; Jupyter notebooks; Collaborative distributed version control; Managing complexity and modular code development; Automated testing; Building portable code with CMake; Integrated development environments; Software licensing; Reproducible research,I expect to learn about best ways to document and test the codes I write.
,,2019-10-22 18:32:04.785177+00:00,Linux,Ubuntu 18.04 LTS,Git,Matlab; R; Python; C; C++; Julia,No and I don't know what it is,No and I don't know what it is,No and I don't know what it is,No and I don't know what it is,Comments in the source code; PDF; Markdown; README files,GitLab,I have written my own simple programs,"I know what most of the following commands do: cd, ls, cat, mv, rm, chmod, man, mkdir, cp, ssh",I have tried an IDE but prefer text editors for my development,"Electrical Engineering, Electronic Engineering, Information Engineering",Introduction to version control; Documentation; Jupyter notebooks; Collaborative distributed version control; Managing complexity and modular code development; Integrated development environments; Software licensing,"To learn good basics of what ""there"" is and for what ""it"" is used."
,,2019-10-15 08:16:56.053852+00:00,Windows,Windows 10,Git,Matlab; R; Python,No but I know what it is,No and I don't know what it is,No but I know what it is,No and I don't know what it is,Comments in the source code,GitLab,I have written many small codes and/or contributed to large complex software,"I know what most of the following commands do: cd, ls, cat, mv, rm, chmod, man, mkdir, cp, ssh","Yes, I am using an IDE (such as Pyzo, NinjaIDE, PyCharm, Spyder, VisualStudio, CLion, Multi, RStudio, Eclipse, or other)",Psychology,Documentation; Jupyter notebooks; Automated testing; Git branch design; Reproducible research,
,,2019-10-08 10:36:14.445978+00:00,Linux,Ubuntu 18,I don't use version control but I know what it is; Git,Matlab; Python; C,No but I know what it is,No and I don't know what it is,No and I don't know what it is,No and I don't know what it is,Comments in the source code; Markdown,I'm not using a web-based repository,I have written many small codes and/or contributed to large complex software,"I know what most of the following commands do: cd, ls, cat, mv, rm, chmod, man, mkdir, cp, ssh",I have tried an IDE but prefer text editors for my development,Physical Sciences,Introduction to version control; Documentation; Jupyter notebooks; Collaborative distributed version control,"Finally really learn how to utilize Git (in principle I know how, but it always feels like extra effort)"
,,2019-10-07 12:06:13.063750+00:00,Linux,Ubuntu 18.04,Git,Python; Other,Yes,Yes,No but I know what it is,No and I don't know what it is,Comments in the source code; README files,GitHub; Bitbucket,I have written many small codes and/or contributed to large complex software,"I know what most of the following commands do: cd, ls, cat, mv, rm, chmod, man, mkdir, cp, ssh",I have tried an IDE but prefer text editors for my development,Computer and Information Sciences,Documentation; Jupyter notebooks; Collaborative distributed version control; Managing complexity and modular code development; Automated testing; Building portable code with CMake; Archaeology with Git; Git branch design; Software licensing,"After the course, I would like to know best practices in writing modular and easily maintainable code, automated tests, making documentation and using version control."
,,2019-10-07 10:10:47.603269+00:00,Windows,Windows 10,I don't use version control but I know what it is,Python,No and I don't know what it is,No and I don't know what it is,No and I don't know what it is,No and I don't know what it is,Comments in the source code,I'm not using a web-based repository,"Basic understanding and experience, I have looked through code and made minor adjustments","I know what most of the following commands do: cd, ls, cat, mv, rm, chmod, man, mkdir, cp, ssh","Yes, I am using an IDE (such as Pyzo, NinjaIDE, PyCharm, Spyder, VisualStudio, CLion, Multi, RStudio, Eclipse, or other)",Physical Sciences,Documentation; Collaborative distributed version control; Managing complexity and modular code development; Automated testing; Building portable code with CMake; Integrated development environments; Archaeology with Git; Git branch design; Software licensing; Reproducible research,"Acquiring knowledge on tools that would help me performing better programming on my codes, making my research reproducible, reusable and easily opened to other researchers. I also expect to understand what are good practices and how to make them natural in my future coding."
,,2019-10-04 09:38:09.221128+00:00,Linux,Ubuntu 16.04,Git,Python,No and I don't know what it is,No and I don't know what it is,No but I know what it is,No and I don't know what it is,Comments in the source code,GitHub,I have written many small codes and/or contributed to large complex software,"I know what most of the following commands do: cd, ls, cat, mv, rm, chmod, man, mkdir, cp, ssh",I have tried an IDE but prefer text editors for my development,Physical Sciences,Introduction to version control; Jupyter notebooks; Managing complexity and modular code development; Integrated development environments; Git branch design,
,,2019-10-03 10:06:33.569165+00:00,Linux,debian ubuntu 16.04,Git,Python; C; Fortran 90+,Yes,No and I don't know what it is,No and I don't know what it is,No and I don't know what it is,Comments in the source code; PDF,GitLab,I have written many small codes and/or contributed to large complex software,"I know what most of the following commands do: cd, ls, cat, mv, rm, chmod, man, mkdir, cp, ssh",I have tried an IDE but prefer text editors for my development,Physical Sciences,Documentation; Jupyter notebooks; Managing complexity and modular code development; Automated testing; Building portable code with CMake; Integrated development environments; Reproducible research,Better familiarity with available tools for code management.
,,2019-10-03 09:58:11.772168+00:00,macOS,,Git,Matlab; R; Python,No and I don't know what it is,No and I don't know what it is,No and I don't know what it is,No and I don't know what it is,Comments in the source code; README files,I'm not using a web-based repository,I have written my own simple programs,"I know what most of the following commands do: cd, ls, cat, mv, rm, chmod, man, mkdir, cp, ssh",No and I don't know what it is,Computer and Information Sciences,Automated testing; Archaeology with Git; Git branch design; Reproducible research,
,,2019-10-03 09:53:43.145979+00:00,Linux,Ubuntu 16.04.5,I don't use version control but I know what it is,Python; C,No and I don't know what it is,No and I don't know what it is,No and I don't know what it is,No and I don't know what it is,Comments in the source code; README files,I'm not using a web-based repository,I have written many small codes and/or contributed to large complex software,"I know what most of the following commands do: cd, ls, cat, mv, rm, chmod, man, mkdir, cp, ssh",I have tried an IDE but prefer text editors for my development,Physical Sciences,Introduction to version control; Documentation; Jupyter notebooks; Managing complexity and modular code development; Automated testing; Building portable code with CMake; Integrated development environments; Archaeology with Git; Git branch design; Reproducible research,"I hope to update my developer tool set, which is very basic and not efficient. I hope to learn better methods for testing and debugging code."
,,2019-10-03 08:11:08.800099+00:00,Linux,Ubuntu 18.04,Git,Matlab; Python,No and I don't know what it is,No and I don't know what it is,No and I don't know what it is,No and I don't know what it is,Comments in the source code; Markdown; README files,GitHub; GitLab,I have written my own simple programs,"I know what most of the following commands do: cd, ls, cat, mv, rm, chmod, man, mkdir, cp, ssh",No and I don't know what it is,Computer and Information Sciences,Documentation; Managing complexity and modular code development; Automated testing; Integrated development environments; Git branch design; Reproducible research,knowledge of other systems/ ways to improve my code
,,2019-10-03 06:20:41.955172+00:00,macOS,macOS Sierra,Git,Matlab; R; Python; C++,No but I know what it is,No and I don't know what it is,No and I don't know what it is,No and I don't know what it is,Comments in the source code; PDF; README files,GitHub; Other,I have written many small codes and/or contributed to large complex software,I do not know what most of these commands do,"Yes, I am using an IDE (such as Pyzo, NinjaIDE, PyCharm, Spyder, VisualStudio, CLion, Multi, RStudio, Eclipse, or other)","Electrical Engineering, Electronic Engineering, Information Engineering",Documentation; Jupyter notebooks; Collaborative distributed version control; Managing complexity and modular code development; Automated testing; Building portable code with CMake; Integrated development environments; Archaeology with Git; Git branch design; Reproducible research,
,,2019-10-03 05:47:38.708432+00:00,Windows,"Windows, linux",Git,Matlab; Python,No and I don't know what it is,No and I don't know what it is,No and I don't know what it is,No and I don't know what it is,Comments in the source code; README files,GitLab,I have written my own simple programs,"I know what most of the following commands do: cd, ls, cat, mv, rm, chmod, man, mkdir, cp, ssh",No and I don't know what it is,Health Sciences,Introduction to version control; Documentation; Jupyter notebooks; Managing complexity and modular code development; Automated testing; Git branch design,
,,2019-10-02 20:25:47.337810+00:00,Linux,Ubuntu-16.04-xenial,Git,C; C++,No but I know what it is,No but I know what it is,No but I know what it is,No and I don't know what it is,Comments in the source code; PDF; README files,Bitbucket,I have written many small codes and/or contributed to large complex software,"I know what most of the following commands do: cd, ls, cat, mv, rm, chmod, man, mkdir, cp, ssh","Yes, I am using an IDE (such as Pyzo, NinjaIDE, PyCharm, Spyder, VisualStudio, CLion, Multi, RStudio, Eclipse, or other)",Physical Sciences,Collaborative distributed version control; Managing complexity and modular code development; Automated testing; Building portable code with CMake; Integrated development environments; Archaeology with Git; Git branch design; Software licensing; Reproducible research,To fill in gaps in my knowledge related to git version control (branching and forking etc.) and to hear of good sustainable software development practices.
,,2019-10-02 20:16:58.678576+00:00,Windows,,Git,R,No and I don't know what it is,No and I don't know what it is,No and I don't know what it is,No and I don't know what it is,Comments in the source code,GitHub,"Basic understanding and experience, I have looked through code and made minor adjustments",I do not know what most of these commands do,"Yes, I am using an IDE (such as Pyzo, NinjaIDE, PyCharm, Spyder, VisualStudio, CLion, Multi, RStudio, Eclipse, or other)","Agriculture, Forestry and Fisheries",Introduction to version control; Documentation; Jupyter notebooks; Collaborative distributed version control; Automated testing; Git branch design; Reproducible research,"Even though I am aware of some techniques mentioned in the course and know they'd be useful for me, I don't use them on a regular basis because I don't know how to more efficiently approach them. I hope to learn that from the course."
,,2019-10-02 12:59:33.295120+00:00,macOS,10.12.6,I don't use version control and I don't know what it is,Matlab; R; Python,No and I don't know what it is,No and I don't know what it is,No and I don't know what it is,No and I don't know what it is,Comments in the source code,I'm not using a web-based repository,I have written many small codes and/or contributed to large complex software,"I know what most of the following commands do: cd, ls, cat, mv, rm, chmod, man, mkdir, cp, ssh","Yes, I am using an IDE (such as Pyzo, NinjaIDE, PyCharm, Spyder, VisualStudio, CLion, Multi, RStudio, Eclipse, or other)",Other,Introduction to version control; Documentation; Jupyter notebooks; Collaborative distributed version control; Reproducible research,
,,2019-10-02 11:22:05.619820+00:00,Linux,Ubuntu 16.04,Git,Matlab; Python; C,No and I don't know what it is,No and I don't know what it is,No and I don't know what it is,No and I don't know what it is,Comments in the source code,I'm not using a web-based repository,I have written my own simple programs,"I know what most of the following commands do: cd, ls, cat, mv, rm, chmod, man, mkdir, cp, ssh",I have tried an IDE but prefer text editors for my development,Biological Sciences,Documentation; Jupyter notebooks; Collaborative distributed version control; Managing complexity and modular code development; Archaeology with Git; Git branch design; Software licensing; Reproducible research,
,,2019-10-02 09:16:52.995768+00:00,Linux,Ubuntu,"I use version control, but I don't know which system",Python; C++,No and I don't know what it is,No and I don't know what it is,No but I know what it is,No but I know what it is,Comments in the source code,GitHub; GitLab,I have written my own simple programs,"I know what most of the following commands do: cd, ls, cat, mv, rm, chmod, man, mkdir, cp, ssh",No and I don't know what it is,Physical Sciences,Collaborative distributed version control; Managing complexity and modular code development; Automated testing; Integrated development environments; Software licensing; Reproducible research,I want to make some changes to  an open source code
,,2019-10-02 08:46:50.868513+00:00,macOS,Newest.,Git,Python,No and I don't know what it is,No and I don't know what it is,No and I don't know what it is,No and I don't know what it is,Comments in the source code; Markdown; README files,GitHub; GitLab,I have written many small codes and/or contributed to large complex software,"I know what most of the following commands do: cd, ls, cat, mv, rm, chmod, man, mkdir, cp, ssh",I know what IDEs are but have not tried any,Computer and Information Sciences,Documentation; Jupyter notebooks; Collaborative distributed version control; Managing complexity and modular code development; Reproducible research,Help to organize and document my codes better in order to be more productive and also to have shareable code. I also wish to learn good collaboration/documentation workflows for my group.
,,2019-10-02 08:25:22.868945+00:00,Linux,Ubuntu LTS 16.04/18.04,I don't use version control but I know what it is; Git,Python,No but I know what it is,No but I know what it is,No but I know what it is,No and I don't know what it is,Comments in the source code; README files,GitHub,I have written my own simple programs,"I know what most of the following commands do: cd, ls, cat, mv, rm, chmod, man, mkdir, cp, ssh","Yes, I am using an IDE (such as Pyzo, NinjaIDE, PyCharm, Spyder, VisualStudio, CLion, Multi, RStudio, Eclipse, or other)",Computer and Information Sciences,Introduction to version control; Collaborative distributed version control; Managing complexity and modular code development; Automated testing; Archaeology with Git; Git branch design; Reproducible research,Magic powers
,,2019-10-02 07:40:04.507271+00:00,Windows,now 7 but should be changed to 10 soon,I don't use version control but I know what it is,Python,No and I don't know what it is,No and I don't know what it is,No and I don't know what it is,No and I don't know what it is,Comments in the source code; Markdown,I'm not using a web-based repository; Other,I have written my own simple programs,"I know what most of the following commands do: cd, ls, cat, mv, rm, chmod, man, mkdir, cp, ssh","Yes, I am using an IDE (such as Pyzo, NinjaIDE, PyCharm, Spyder, VisualStudio, CLion, Multi, RStudio, Eclipse, or other)",Chemical Sciences,Introduction to version control; Jupyter notebooks; Managing complexity and modular code development; Automated testing; Building portable code with CMake; Integrated development environments; Archaeology with Git; Git branch design,get knowledge on version control and get the flexibility in the possible programming tools I could use
,,2019-10-02 06:35:38.900893+00:00,macOS,"Mojave, version 10.14.6",Git,R; Python,Yes,No and I don't know what it is,No and I don't know what it is,No and I don't know what it is,Comments in the source code; README files,GitHub,I have written many small codes and/or contributed to large complex software,"I know what most of the following commands do: cd, ls, cat, mv, rm, chmod, man, mkdir, cp, ssh",No and I don't know what it is,Mathematics,Introduction to version control; Documentation; Managing complexity and modular code development; Automated testing; Git branch design; Reproducible research,"Broader understanding of programming, enhance programming skills and knowledge on topics which are not familiar to me, or which I have encountered only couple of times during my studies or work."
,,2019-10-01 14:35:12.577489+00:00,Linux,Ubuntu,Git,R; Python,No and I don't know what it is,No and I don't know what it is,No and I don't know what it is,No and I don't know what it is,Comments in the source code; Markdown; README files,GitHub,I have written many small codes and/or contributed to large complex software,"I know what most of the following commands do: cd, ls, cat, mv, rm, chmod, man, mkdir, cp, ssh","Yes, I am using an IDE (such as Pyzo, NinjaIDE, PyCharm, Spyder, VisualStudio, CLion, Multi, RStudio, Eclipse, or other)",Political Science,Introduction to version control; Documentation; Collaborative distributed version control; Managing complexity and modular code development; Automated testing; Building portable code with CMake; Software licensing; Reproducible research,"I am not sure. I signed up because the stated course goals look useful, but I don't think I know enough to have expectations about what I will get from the course."
,,2019-10-01 14:02:55.492798+00:00,macOS,,Git,Python; C++,No and I don't know what it is,No and I don't know what it is,No and I don't know what it is,No and I don't know what it is,Comments in the source code,Bitbucket,I have written my own simple programs,"I know what most of the following commands do: cd, ls, cat, mv, rm, chmod, man, mkdir, cp, ssh","Yes, I am using an IDE (such as Pyzo, NinjaIDE, PyCharm, Spyder, VisualStudio, CLion, Multi, RStudio, Eclipse, or other)",Computer and Information Sciences,Introduction to version control; Jupyter notebooks; Collaborative distributed version control; Managing complexity and modular code development; Automated testing,
,,2019-10-01 13:52:32.134919+00:00,Windows,Windows 10 1903,Git,Python; C++; Other,No and I don't know what it is,No and I don't know what it is,No and I don't know what it is,No and I don't know what it is,Comments in the source code; Markdown; README files,GitLab,I have written many small codes and/or contributed to large complex software,"I know what most of the following commands do: cd, ls, cat, mv, rm, chmod, man, mkdir, cp, ssh","Yes, I am using an IDE (such as Pyzo, NinjaIDE, PyCharm, Spyder, VisualStudio, CLion, Multi, RStudio, Eclipse, or other)",Computer and Information Sciences,Introduction to version control; Documentation; Collaborative distributed version control; Managing complexity and modular code development; Automated testing; Git branch design; Software licensing; Reproducible research,"I expect to learn how to publish code that other people can actually use and write useful documentation for it, as well as updating the code without it breaking for everyone. How to do version control (especially merging) with multiple users would also be great."
,,2019-10-01 13:05:38.241033+00:00,macOS,mojave,Git,Matlab; R; Python; C++,Yes,No but I know what it is,No and I don't know what it is,Yes,Comments in the source code; Markdown,GitHub; GitLab,I have written many small codes and/or contributed to large complex software,"I know what most of the following commands do: cd, ls, cat, mv, rm, chmod, man, mkdir, cp, ssh",I have tried an IDE but prefer text editors for my development,Computer and Information Sciences,Introduction to version control; Documentation; Jupyter notebooks; Collaborative distributed version control; Managing complexity and modular code development; Automated testing; Building portable code with CMake; Integrated development environments; Archaeology with Git; Git branch design; Software licensing; Reproducible research,learn better practices and be more efficient
,,2019-10-01 12:58:27.186747+00:00,Windows,Windows 7     BEST 7 Edition (v.13.3.4),I don't use version control but I know what it is,Matlab; R; Python; C++,No but I know what it is,No but I know what it is,No but I know what it is,No but I know what it is,Comments in the source code; PDF,GitHub,"Basic understanding and experience, I have looked through code and made minor adjustments","I know what most of the following commands do: cd, ls, cat, mv, rm, chmod, man, mkdir, cp, ssh","Yes, I am using an IDE (such as Pyzo, NinjaIDE, PyCharm, Spyder, VisualStudio, CLion, Multi, RStudio, Eclipse, or other)",Mechanical Engineering,Introduction to version control; Documentation; Jupyter notebooks; Collaborative distributed version control; Managing complexity and modular code development; Automated testing; Building portable code with CMake; Integrated development environments; Archaeology with Git; Git branch design; Software licensing; Reproducible research,"I want to be able to integrate my code the large complex software using C++ and compiling with CMake.    The instructions are available in github, but I need systematic knowledge how it works."
,,2019-10-01 12:35:47.277446+00:00,Linux,Ubuntu,I don't use version control but I know what it is,Matlab; R; Python,No but I know what it is,No and I don't know what it is,No and I don't know what it is,No and I don't know what it is,Comments in the source code; Markdown,I'm not using a web-based repository,I have written many small codes and/or contributed to large complex software,"I know what most of the following commands do: cd, ls, cat, mv, rm, chmod, man, mkdir, cp, ssh","Yes, I am using an IDE (such as Pyzo, NinjaIDE, PyCharm, Spyder, VisualStudio, CLion, Multi, RStudio, Eclipse, or other)",Other Engineering and Technologies,Introduction to version control; Jupyter notebooks; Collaborative distributed version control; Managing complexity and modular code development; Automated testing; Building portable code with CMake; Integrated development environments,"Learning version control and testing, as well as making code and code development more organized."
,,2019-10-01 12:32:51.958639+00:00,Linux,Ubuntu 16.04.6 LTS,Git,Python,No and I don't know what it is,No and I don't know what it is,No and I don't know what it is,No and I don't know what it is,Comments in the source code; README files,GitHub,I have written many small codes and/or contributed to large complex software,"I know what most of the following commands do: cd, ls, cat, mv, rm, chmod, man, mkdir, cp, ssh",No and I don't know what it is,Computer and Information Sciences,Introduction to version control; Documentation; Collaborative distributed version control; Managing complexity and modular code development; Automated testing; Integrated development environments; Reproducible research,Learn basics of the covered topics.
,,2019-10-01 12:28:20.024715+00:00,macOS,,I don't use version control but I know what it is; Git,Matlab; Python,No but I know what it is,No and I don't know what it is,No and I don't know what it is,No and I don't know what it is,Comments in the source code,I'm not using a web-based repository,I have written many small codes and/or contributed to large complex software,"I know what most of the following commands do: cd, ls, cat, mv, rm, chmod, man, mkdir, cp, ssh","Yes, I am using an IDE (such as Pyzo, NinjaIDE, PyCharm, Spyder, VisualStudio, CLion, Multi, RStudio, Eclipse, or other)",Medical Biotechnology,Collaborative distributed version control; Managing complexity and modular code development; Archaeology with Git; Git branch design; Reproducible research,"Improve my way of working, improved reproducibility."
,,2019-10-01 12:22:36.243383+00:00,macOS,,Git,Python,No but I know what it is,No and I don't know what it is,No but I know what it is,No and I don't know what it is,Comments in the source code; README files,GitHub,I have written many small codes and/or contributed to large complex software,"I know what most of the following commands do: cd, ls, cat, mv, rm, chmod, man, mkdir, cp, ssh","Yes, I am using an IDE (such as Pyzo, NinjaIDE, PyCharm, Spyder, VisualStudio, CLion, Multi, RStudio, Eclipse, or other)",Computer and Information Sciences,Introduction to version control; Documentation; Collaborative distributed version control; Managing complexity and modular code development; Automated testing; Building portable code with CMake; Integrated development environments; Archaeology with Git; Git branch design; Software licensing; Reproducible research,
,,2019-10-01 12:15:13.478120+00:00,macOS,mojave 10.14.5,Git,Matlab; Python,No and I don't know what it is,No and I don't know what it is,No and I don't know what it is,No and I don't know what it is,No documentation,GitHub,I have written my own simple programs,"I know what most of the following commands do: cd, ls, cat, mv, rm, chmod, man, mkdir, cp, ssh","Yes, I am using an IDE (such as Pyzo, NinjaIDE, PyCharm, Spyder, VisualStudio, CLion, Multi, RStudio, Eclipse, or other)",Computer and Information Sciences,Introduction to version control; Documentation; Collaborative distributed version control; Managing complexity and modular code development; Automated testing; Integrated development environments; Git branch design,ability to contribute to opensource projects
,,2019-10-01 12:12:32.988990+00:00,Windows,Windows 10 Education,Git,Matlab; R; Python; C++,No and I don't know what it is,No and I don't know what it is,No and I don't know what it is,No and I don't know what it is,Comments in the source code,GitHub,I have written many small codes and/or contributed to large complex software,I do not know what most of these commands do,"Yes, I am using an IDE (such as Pyzo, NinjaIDE, PyCharm, Spyder, VisualStudio, CLion, Multi, RStudio, Eclipse, or other)","Electrical Engineering, Electronic Engineering, Information Engineering",Introduction to version control; Documentation; Jupyter notebooks; Collaborative distributed version control; Managing complexity and modular code development; Automated testing; Building portable code with CMake; Integrated development environments; Archaeology with Git; Git branch design; Software licensing; Reproducible research,"Getting to know about best practices and tools in developing and maintaining the research code, particularly in a collaborative setting,"
,,2019-10-01 12:01:05.180297+00:00,macOS,Sierra (ver. 10.12.6),I don't use version control and I don't know what it is,Matlab,No and I don't know what it is,No and I don't know what it is,No and I don't know what it is,No and I don't know what it is,Comments in the source code,I'm not using a web-based repository,I have written my own simple programs,I do not know what most of these commands do,No and I don't know what it is,Chemical Sciences,Managing complexity and modular code development; Automated testing; Building portable code with CMake; Integrated development environments; Archaeology with Git; Git branch design,More structure and general knowledge for writing my own code.
,,2019-10-01 11:52:49.228679+00:00,macOS,"macOS High Sierra, version 10.13.6",Git,Matlab; Python,No but I know what it is,No and I don't know what it is,No and I don't know what it is,No but I know what it is,Comments in the source code; README files,GitHub,I have written many small codes and/or contributed to large complex software,"I know what most of the following commands do: cd, ls, cat, mv, rm, chmod, man, mkdir, cp, ssh","Yes, I am using an IDE (such as Pyzo, NinjaIDE, PyCharm, Spyder, VisualStudio, CLion, Multi, RStudio, Eclipse, or other)","Electrical Engineering, Electronic Engineering, Information Engineering",Documentation; Collaborative distributed version control; Managing complexity and modular code development; Automated testing; Integrated development environments; Archaeology with Git; Git branch design; Reproducible research,"I expect that I will learn skills, that help me to make code that is more manageable and readable by other people. I would also like to learn skills in automatic testing, so that it would be easier to maintain my projects and make debugging more efficient."
,,2019-10-01 11:49:14.981416+00:00,macOS,macOS Mojave,Git,R; Python,No and I don't know what it is,No and I don't know what it is,No and I don't know what it is,No and I don't know what it is,Markdown; README files,GitHub; GitLab; Bitbucket,I have written many small codes and/or contributed to large complex software,"I know what most of the following commands do: cd, ls, cat, mv, rm, chmod, man, mkdir, cp, ssh","Yes, I am using an IDE (such as Pyzo, NinjaIDE, PyCharm, Spyder, VisualStudio, CLion, Multi, RStudio, Eclipse, or other)",Computer and Information Sciences,Introduction to version control; Jupyter notebooks; Collaborative distributed version control; Managing complexity and modular code development; Automated testing; Building portable code with CMake; Git branch design; Reproducible research,I expect to learn to use version control systems and I don@t have any idea about testing but I want to learn about that topic
,,2019-10-01 11:46:35.921886+00:00,Windows,,I don't use version control and I don't know what it is,Matlab; Python,Yes,No and I don't know what it is,Yes,Yes,Comments in the source code,GitHub; GitLab,I have written my own simple programs,"I know what most of the following commands do: cd, ls, cat, mv, rm, chmod, man, mkdir, cp, ssh",No and I don't know what it is,"Electrical Engineering, Electronic Engineering, Information Engineering",Introduction to version control; Documentation; Jupyter notebooks; Collaborative distributed version control; Managing complexity and modular code development; Automated testing; Building portable code with CMake; Integrated development environments; Archaeology with Git; Git branch design; Software licensing; Reproducible research,To be familiar with those topics and apply them while conducting my own research.
,,2019-10-01 11:45:21.364744+00:00,Linux,Fedora 27,Git,Matlab; Python; C; C++,No and I don't know what it is,No and I don't know what it is,No and I don't know what it is,No and I don't know what it is,Comments in the source code,GitLab,I have written my own simple programs,"I know what most of the following commands do: cd, ls, cat, mv, rm, chmod, man, mkdir, cp, ssh",I know what IDEs are but have not tried any,Physical Sciences,Jupyter notebooks; Collaborative distributed version control; Managing complexity and modular code development; Building portable code with CMake; Integrated development environments; Archaeology with Git; Git branch design,"Experience as a developer: I want to take the leap from basic and sparse knowledge of C, C++, Python, Git to actively implementing those in my academic research. This means also learning about bindings between the above."
,,2019-10-01 11:38:05.010600+00:00,macOS,MacOS Mojave 10.14.6,I don't use version control but I know what it is; Git,R; Python; Other,No and I don't know what it is,No and I don't know what it is,No and I don't know what it is,No and I don't know what it is,Markdown; Other,GitHub,I have written many small codes and/or contributed to large complex software,"I know what most of the following commands do: cd, ls, cat, mv, rm, chmod, man, mkdir, cp, ssh","Yes, I am using an IDE (such as Pyzo, NinjaIDE, PyCharm, Spyder, VisualStudio, CLion, Multi, RStudio, Eclipse, or other)",Computer and Information Sciences,Introduction to version control; Documentation; Jupyter notebooks; Collaborative distributed version control; Archaeology with Git; Git branch design; Software licensing; Reproducible research,"I am expecting to learn more on versioning systems, some tricks to write more efficient and readable code, writing reproducible code."
,,2019-10-01 11:35:41.855208+00:00,macOS,Macos High Sierra v 10.13.1,Git,Python; Julia,No but I know what it is,No and I don't know what it is,No and I don't know what it is,No and I don't know what it is,No documentation; Comments in the source code; README files,GitHub; GitLab; Bitbucket,I have written my own simple programs,"I know what most of the following commands do: cd, ls, cat, mv, rm, chmod, man, mkdir, cp, ssh","Yes, I am using an IDE (such as Pyzo, NinjaIDE, PyCharm, Spyder, VisualStudio, CLion, Multi, RStudio, Eclipse, or other)",Computer and Information Sciences,Introduction to version control; Documentation; Collaborative distributed version control; Managing complexity and modular code development; Automated testing; Building portable code with CMake; Integrated development environments; Git branch design; Software licensing; Reproducible research,"Write more decent code, mine is a mess now."
,,2019-10-01 10:01:19.357512+00:00,Linux,Ubuntu 16,Git,Python; C; Fortran 90+,No and I don't know what it is,No and I don't know what it is,No and I don't know what it is,No and I don't know what it is,Comments in the source code; README files,GitLab,I have written many small codes and/or contributed to large complex software,"I know what most of the following commands do: cd, ls, cat, mv, rm, chmod, man, mkdir, cp, ssh",I have tried an IDE but prefer text editors for my development,Physical Sciences,Documentation; Collaborative distributed version control; Managing complexity and modular code development; Automated testing; Building portable code with CMake; Archaeology with Git; Git branch design,"Making code compile is regularly a pain, and git causes headache at least once a month.    Very good words were put in for this course from people in my lab who I consider good programmers. They said they wished the contents of this course had been taught to them at a much earlier stage in their studies, so I'm eager to see what this is about."
,,2019-10-01 08:39:10.293438+00:00,Linux,Ubuntu 16.04,Git,Python,No and I don't know what it is,No and I don't know what it is,No but I know what it is,No and I don't know what it is,Comments in the source code,GitHub,I have written many small codes and/or contributed to large complex software,"I know what most of the following commands do: cd, ls, cat, mv, rm, chmod, man, mkdir, cp, ssh","Yes, I am using an IDE (such as Pyzo, NinjaIDE, PyCharm, Spyder, VisualStudio, CLion, Multi, RStudio, Eclipse, or other)",Earth and Related Environmental Sciences,Documentation; Collaborative distributed version control; Managing complexity and modular code development; Automated testing; Building portable code with CMake; Integrated development environments; Archaeology with Git; Reproducible research,I have a big project which is a big mess and I would like to get it ready for sharing and make it as easy as possible for others to use the code. And of course for the next project to right away start smart and avoid the mess I have now I would appreciate any hints.
,,2019-10-01 08:36:15.288734+00:00,macOS,macOS Mojave 10.14.2,I don't use version control but I know what it is,Matlab; Python,No and I don't know what it is,No and I don't know what it is,No and I don't know what it is,No and I don't know what it is,Comments in the source code,I'm not using a web-based repository,I have written my own simple programs,"I know what most of the following commands do: cd, ls, cat, mv, rm, chmod, man, mkdir, cp, ssh",No and I don't know what it is,Other Medical and Health Sciences,Introduction to version control; Documentation; Collaborative distributed version control; Managing complexity and modular code development; Automated testing; Reproducible research,To be able to write more efficient and sophisticated code. Learning about modular programming. Better version control and documentation.
,,2019-10-01 04:33:23.798599+00:00,macOS,MacOS Mojave,Git,R; Python,No and I don't know what it is,No and I don't know what it is,No and I don't know what it is,No and I don't know what it is,Comments in the source code; Markdown; README files,GitHub; GitLab,I have written many small codes and/or contributed to large complex software,"I know what most of the following commands do: cd, ls, cat, mv, rm, chmod, man, mkdir, cp, ssh","Yes, I am using an IDE (such as Pyzo, NinjaIDE, PyCharm, Spyder, VisualStudio, CLion, Multi, RStudio, Eclipse, or other)",Biological Sciences,Jupyter notebooks; Reproducible research,
